<?xml version="1.0" encoding="UTF-8"?>
<jcr:root xmlns:sling="http://sling.apache.org/jcr/sling/1.0" xmlns:granite="http://www.adobe.com/jcr/granite/1.0" xmlns:cq="http://www.day.com/jcr/cq/1.0" xmlns:jcr="http://www.jcp.org/jcr/1.0" xmlns:nt="http://www.jcp.org/jcr/nt/1.0"
    jcr:primaryType="nt:unstructured"
    jcr:title="Dialog - Sample Fields"
    sling:resourceType="cq/gui/components/authoring/dialog">
    <content
        jcr:primaryType="nt:unstructured"
        sling:resourceType="granite/ui/components/foundation/container"
        regex-content-heading="Following Field(s) are invalid - custom content heading"
        regex-modal-heading="Dialog cannot be submitted - custom modal heading">
        <items jcr:primaryType="nt:unstructured">
            <tabs
                jcr:primaryType="nt:unstructured"
                sling:resourceType="granite/ui/components/coral/foundation/tabs">
                <items jcr:primaryType="nt:unstructured">
                    <text
                        jcr:primaryType="nt:unstructured"
                        jcr:title="Text"
                        sling:resourceType="granite/ui/components/coral/foundation/fixedcolumns">
                        <items jcr:primaryType="nt:unstructured">
                            <column
                                jcr:primaryType="nt:unstructured"
                                sling:resourceType="granite/ui/components/coral/foundation/container">
                                <items jcr:primaryType="nt:unstructured">
                                    <textfield
                                        jcr:primaryType="nt:unstructured"
                                        sling:resourceType="granite/ui/components/coral/foundation/form/textfield"
                                        fieldDescription="Enter Text in color code format e.g. #FFF"
                                        fieldLabel="Text - Textfield "
                                        name="./text">
                                        <granite:data
                                            jcr:primaryType="nt:unstructured"
                                            fieldDescriptionImage="/content/dam/aemlab/banners/banner-1.png"/>
                                    </textfield>
                                    <number
                                        jcr:primaryType="nt:unstructured"
                                        sling:resourceType="granite/ui/components/coral/foundation/form/numberfield"
                                        fieldDescription="Enter number, should be multiple of 10"
                                        fieldLabel="Text - Number"
                                        max="{Long}90"
                                        min="{Long}10"
                                        name="./number">
                                        <granite:data
                                            jcr:primaryType="nt:unstructured"
                                            fieldDescriptionImage="/content/dam/aemlab/banners/banner-1.png"/>
                                    </number>
                                    <textarea
                                        jcr:primaryType="nt:unstructured"
                                        sling:resourceType="granite/ui/components/coral/foundation/form/textarea"
                                        cols="{Long}5"
                                        fieldDescription="Enter Text "
                                        fieldLabel="Text - Textarea"
                                        name="./textarea"
                                        rows="{Long}5">
                                        <granite:data
                                            jcr:primaryType="nt:unstructured"
                                            fieldDescriptionImage="/content/dam/aemlab/banners/banner-1.png"/>
                                    </textarea>
                                    <rte
                                        jcr:primaryType="nt:unstructured"
                                        sling:resourceType="cq/gui/components/authoring/dialog/richtext"
                                        fieldDescription="Enter Text"
                                        fieldDescriptionImage="/content/dam/aemlab/banners/banner-1.png"
                                        fieldLabel="Text - Paragraph"
                                        name="./rteText"
                                        useFixedInlineToolbar="{Boolean}true">
                                        <rtePlugins jcr:primaryType="nt:unstructured">
                                            <format
                                                jcr:primaryType="nt:unstructured"
                                                features="*"/>
                                            <justify
                                                jcr:primaryType="nt:unstructured"
                                                features="*"/>
                                            <lists
                                                jcr:primaryType="nt:unstructured"
                                                features="*"/>
                                            <paraformat
                                                jcr:primaryType="nt:unstructured"
                                                features="*">
                                                <formats jcr:primaryType="nt:unstructured">
                                                    <default_p
                                                        jcr:primaryType="nt:unstructured"
                                                        description="Paragraph"
                                                        tag="p"/>
                                                    <default_h1
                                                        jcr:primaryType="nt:unstructured"
                                                        description="Heading 1"
                                                        tag="h1"/>
                                                    <default_h2
                                                        jcr:primaryType="nt:unstructured"
                                                        description="Heading 2"
                                                        tag="h2"/>
                                                    <default_h3
                                                        jcr:primaryType="nt:unstructured"
                                                        description="Heading 3"
                                                        tag="h3"/>
                                                    <default_h4
                                                        jcr:primaryType="nt:unstructured"
                                                        description="Heading 4"
                                                        tag="h4"/>
                                                    <default_h5
                                                        jcr:primaryType="nt:unstructured"
                                                        description="Heading 5"
                                                        tag="h5"/>
                                                    <default_h6
                                                        jcr:primaryType="nt:unstructured"
                                                        description="Heading 6"
                                                        tag="h6"/>
                                                    <default_blockquote
                                                        jcr:primaryType="nt:unstructured"
                                                        description="Quote"
                                                        tag="blockquote"/>
                                                    <default_pre
                                                        jcr:primaryType="nt:unstructured"
                                                        description="Preformatted"
                                                        tag="pre"/>
                                                </formats>
                                            </paraformat>
                                            <links
                                                jcr:primaryType="nt:unstructured"
                                                features="*"/>
                                            <image
                                                jcr:primaryType="nt:unstructured"
                                                features="*"/>
                                            <findreplace
                                                jcr:primaryType="nt:unstructured"
                                                features="*"/>
                                            <subsuperscript
                                                jcr:primaryType="nt:unstructured"
                                                features="*"/>
                                            <spellcheck
                                                jcr:primaryType="nt:unstructured"
                                                features="*"/>
                                            <misctools
                                                jcr:primaryType="nt:unstructured"
                                                features="*">
                                                <specialCharsConfig jcr:primaryType="nt:unstructured">
                                                    <chars jcr:primaryType="nt:unstructured">
                                                        <copyright
                                                            jcr:primaryType="nt:unstructured"
                                                            entity="&amp;#169;"/>
                                                        <trademark
                                                            jcr:primaryType="nt:unstructured"
                                                            entity="&amp;#8482;"/>
                                                        <registered
                                                            jcr:primaryType="nt:unstructured"
                                                            entity="&amp;#174;"/>
                                                        <emDash
                                                            jcr:primaryType="nt:unstructured"
                                                            entity="&amp;#8212;"/>
                                                        <pound
                                                            jcr:primaryType="nt:unstructured"
                                                            entity="&amp;#163;"/>
                                                        <nbsp
                                                            jcr:primaryType="nt:unstructured"
                                                            entity="&amp;#160;"/>
                                                    </chars>
                                                </specialCharsConfig>
                                            </misctools>
                                            <styles
                                                jcr:primaryType="nt:unstructured"
                                                features="*">
                                                <styles jcr:primaryType="nt:unstructured">
                                                    <plainSpan
                                                        jcr:primaryType="nt:unstructured"
                                                        cssName="defaultSpan"
                                                        text="Default (add span tag)"/>
                                                    <lead
                                                        jcr:primaryType="nt:unstructured"
                                                        cssName="lead"
                                                        text="Lead"/>
                                                </styles>
                                            </styles>
                                            <table
                                                jcr:primaryType="nt:unstructured"
                                                features="*"/>
                                        </rtePlugins>
                                        <uiSettings jcr:primaryType="nt:unstructured">
                                            <cui jcr:primaryType="nt:unstructured">
                                                <inline
                                                    jcr:primaryType="nt:unstructured"
                                                    toolbar="[format#bold,format#italic,format#underline,#justify,#lists,subsuperscript#subscript,subsuperscript#superscript,links#modifylink,links#unlink,links#anchor,#image,findreplace#find,findreplace#replace,spellcheck#checktext,misctools#specialchars,misctools#sourceedit,#styles,#paraformat,table#table]">
                                                    <popovers jcr:primaryType="nt:unstructured">
                                                        <justify
                                                            jcr:primaryType="nt:unstructured"
                                                            items="[justify#justifyleft,justify#justifycenter,justify#justifyright]"
                                                            ref="justify"/>
                                                        <lists
                                                            jcr:primaryType="nt:unstructured"
                                                            items="[lists#unordered,lists#ordered,lists#outdent,lists#indent]"
                                                            ref="lists"/>
                                                        <paraformat
                                                            jcr:primaryType="nt:unstructured"
                                                            items="paraformat:getFormats:paraformat-pulldown"
                                                            ref="paraformat"/>
                                                        <styles
                                                            jcr:primaryType="nt:unstructured"
                                                            items="styles:getStyles:styles-pulldown"
                                                            ref="styles"
                                                            title="MyStyle"/>
                                                    </popovers>
                                                </inline>
                                            </cui>
                                        </uiSettings>
                                    </rte>
                                </items>
                            </column>
                        </items>
                    </text>
                    <selections
                        jcr:primaryType="nt:unstructured"
                        jcr:title="Selection"
                        sling:resourceType="granite/ui/components/coral/foundation/fixedcolumns">
                        <items jcr:primaryType="nt:unstructured">
                            <column
                                jcr:primaryType="nt:unstructured"
                                sling:resourceType="granite/ui/components/coral/foundation/container">
                                <items jcr:primaryType="nt:unstructured">
                                    <dropdown
                                        jcr:primaryType="nt:unstructured"
                                        sling:resourceType="granite/ui/components/coral/foundation/form/select"
                                        emptyText="----  Please Select a Value -----"
                                        fieldDescription="Select option from Dropdown"
                                        fieldLabel="Dropdown"
                                        name="./dd">
                                        <items jcr:primaryType="nt:unstructured">
                                            <opt1
                                                jcr:primaryType="nt:unstructured"
                                                text="Option1"
                                                value="val1"/>
                                            <opt2
                                                jcr:primaryType="nt:unstructured"
                                                text="Option2"
                                                value="val2"/>
                                        </items>
                                        <granite:data
                                            jcr:primaryType="nt:unstructured"
                                            fieldDescriptionImage="/content/dam/aemlab/banners/banner-1.png"/>
                                    </dropdown>
                                    <checkbox
                                        jcr:primaryType="nt:unstructured"
                                        sling:resourceType="granite/ui/components/coral/foundation/form/checkbox"
                                        fieldDescription="Checkbox desc"
                                        name="./chk"
                                        text="checkbox1"
                                        value="chkbox1">
                                        <granite:data
                                            jcr:primaryType="nt:unstructured"
                                            fieldDescriptionImage="/content/dam/aemlab/banners/banner-1.png"/>
                                    </checkbox>
                                    <radio
                                        jcr:primaryType="nt:unstructured"
                                        sling:resourceType="granite/ui/components/coral/foundation/form/radiogroup"
                                        fieldDescription="Select Radio"
                                        fieldLabel="Radio Group"
                                        name="./radio1">
                                        <items jcr:primaryType="nt:unstructured">
                                            <male
                                                jcr:primaryType="nt:unstructured"
                                                text="Option1"
                                                value="val1"/>
                                            <female
                                                jcr:primaryType="nt:unstructured"
                                                text="Option2"
                                                value="val2"/>
                                        </items>
                                        <granite:data
                                            jcr:primaryType="nt:unstructured"
                                            fieldDescriptionImage="/content/dam/aemlab/banners/banner-1.png"/>
                                    </radio>
                                </items>
                            </column>
                        </items>
                    </selections>
                    <browse
                        jcr:primaryType="nt:unstructured"
                        jcr:title="Browse"
                        sling:resourceType="granite/ui/components/coral/foundation/fixedcolumns">
                        <items jcr:primaryType="nt:unstructured">
                            <column
                                jcr:primaryType="nt:unstructured"
                                sling:resourceType="granite/ui/components/coral/foundation/container">
                                <items jcr:primaryType="nt:unstructured">
                                    <pathfield
                                        jcr:primaryType="nt:unstructured"
                                        sling:resourceType="granite/ui/components/coral/foundation/form/pathfield"
                                        fieldDescription="Browse pathfield"
                                        fieldLabel="path field"
                                        name="./path"
                                        rootPath="/content/dam/we-retail">
                                        <granite:data
                                            jcr:primaryType="nt:unstructured"
                                            fieldDescriptionImage="/content/dam/aemlab/banners/banner-1.png"/>
                                    </pathfield>
                                    <pathbrowser
                                        jcr:primaryType="nt:unstructured"
                                        sling:resourceType="granite/ui/components/coral/foundation/form/pathbrowser"
                                        fieldDescription="Browse path browser - select a value from 'en' folder"
                                        fieldLabel="pathbrowser"
                                        name="./pathbrowser"
                                        rootPath="/content/we-retail">
                                        <granite:data
                                            jcr:primaryType="nt:unstructured"
                                            fieldDescriptionImage="/content/dam/aemlab/banners/banner-1.png"/>
                                    </pathbrowser>
                                    <fileupload
                                        jcr:primaryType="nt:unstructured"
                                        sling:resourceType="cq/gui/components/authoring/dialog/fileupload"
                                        autoStart="{Boolean}false"
                                        class="cq-droptarget"
                                        fileNameParameter="./fileName"
                                        fileReferenceParameter="./fileReference"
                                        mimeTypes="[image/gif,image/jpeg,image/png,image/webp,image/tiff,image/svg+xml]"
                                        multiple="{Boolean}false"
                                        name="./file"
                                        title="File Upload"
                                        uploadUrl="${suffix.path}"
                                        useHTML5="{Boolean}true">
                                        <granite:data
                                            jcr:primaryType="nt:unstructured"
                                            fieldDescriptionImage="/content/dam/aemlab/banners/banner-1.png"/>
                                    </fileupload>
                                    <colorfield
                                        jcr:primaryType="nt:unstructured"
                                        sling:resourceType="granite/ui/components/coral/foundation/form/colorfield"
                                        fieldDescription="Color description"
                                        fieldLabel="Color"
                                        name="./color"
                                        variant="default">
                                        <granite:data
                                            jcr:primaryType="nt:unstructured"
                                            fieldDescriptionImage="/content/dam/aemlab/banners/banner-1.png"/>
                                    </colorfield>
                                    <datepicker
                                        jcr:primaryType="nt:unstructured"
                                        sling:resourceType="granite/ui/components/coral/foundation/form/datepicker"
                                        fieldDescription="Date Picker"
                                        fieldLabel="Date"
                                        name="./date">
                                        <granite:data
                                            jcr:primaryType="nt:unstructured"
                                            fieldDescriptionImage="/content/dam/aemlab/banners/banner-1.png"/>
                                    </datepicker>
                                </items>
                            </column>
                        </items>
                    </browse>
                    <hierarchy
                        jcr:primaryType="nt:unstructured"
                        jcr:title="Hierarchy"
                        sling:resourceType="granite/ui/components/coral/foundation/fixedcolumns">
                        <items jcr:primaryType="nt:unstructured">
                            <column
                                jcr:primaryType="nt:unstructured"
                                sling:resourceType="granite/ui/components/coral/foundation/container">
                                <items jcr:primaryType="nt:unstructured">
                                    <multifield
                                        jcr:primaryType="nt:unstructured"
                                        sling:resourceType="granite/ui/components/coral/foundation/form/multifield"
                                        composite="{Boolean}true"
                                        fieldDescription="Click '+' to add a new set of items"
                                        fieldLabel="Multifield">
                                        <field
                                            jcr:primaryType="nt:unstructured"
                                            sling:resourceType="granite/ui/components/coral/foundation/container"
                                            name="./multi">
                                            <items jcr:primaryType="nt:unstructured">
                                                <textfield
                                                    jcr:primaryType="nt:unstructured"
                                                    sling:resourceType="granite/ui/components/coral/foundation/form/textfield"
                                                    fieldDescription="Enter Promo Box Heading"
                                                    fieldLabel="Heading"
                                                    name="./heading">
                                                    <granite:data
                                                        jcr:primaryType="nt:unstructured"
                                                        fieldDescriptionImage="/content/dam/aemlab/banners/banner-1.png"/>
                                                </textfield>
                                                <pathfield
                                                    jcr:primaryType="nt:unstructured"
                                                    sling:resourceType="granite/ui/components/coral/foundation/form/pathfield"
                                                    fieldDescription="Browse path"
                                                    fieldLabel="Select Path for heading"
                                                    name="./path2"
                                                    rootPath="/content"/>
                                            </items>
                                        </field>
                                        <granite:data
                                            jcr:primaryType="nt:unstructured"
                                            fieldDescriptionImage="/content/dam/aemlab/banners/banner-1.png"/>
                                    </multifield>
                                </items>
                            </column>
                        </items>
                    </hierarchy>
                </items>
            </tabs>
        </items>
    </content>
</jcr:root>
