<?xml version="1.0" encoding="UTF-8"?>
<jcr:root xmlns:sling="http://sling.apache.org/jcr/sling/1.0" xmlns:granite="http://www.adobe.com/jcr/granite/1.0" xmlns:jcr="http://www.jcp.org/jcr/1.0" xmlns:nt="http://www.jcp.org/jcr/nt/1.0"
    granite:id="taskCompletionDialog"
    jcr:primaryType="nt:unstructured"
    jcr:title="Complete My Task"
    sling:resourceType="granite/ui/components/coral/foundation/dialog">
    <items jcr:primaryType="nt:unstructured">
        <form
            jcr:primaryType="nt:unstructured"
            sling:resourceType="granite/ui/components/coral/foundation/form"
            foundationForm="{Boolean}true"
            style="vertical">
            <items jcr:primaryType="nt:unstructured">
                <taskactions
                    jcr:primaryType="nt:unstructured"
                    sling:resourceType="granite/ui/components/coral/foundation/form/select"
                    emptyText="Select MyAction"/>
                <comment
                    jcr:primaryType="nt:unstructured"
                    sling:resourceType="granite/ui/components/coral/foundation/form/textarea"
                    disabled="{Boolean}true"
                    emptyText="My description"
                    name="myComment"
                    rows="4"/>
                <fileUpload
                    jcr:primaryType="nt:unstructured"
                    sling:resourceType="granite/ui/components/coral/foundation/form/fileupload"
                    emptyText="Please Upload a file"
                    name="myFileUpload"
                    text="Click here to upload file"/>
            </items>
        </form>
    </items>
    <footer jcr:primaryType="nt:unstructured">
        <cancel
            jcr:primaryType="nt:unstructured"
            sling:resourceType="granite/ui/components/coral/foundation/button"
            text="My Cancel">
            <parentConfig
                jcr:primaryType="nt:unstructured"
                close="{Boolean}true"/>
        </cancel>
        <complete
            granite:rel="task-complete-dialog-submit"
            jcr:primaryType="nt:unstructured"
            sling:resourceType="granite/ui/components/coral/foundation/button"
            text="My Complete button"
            type="button"
            variant="primary">
            <parentConfig
                jcr:primaryType="nt:unstructured"
                close="{Boolean}false"/>
        </complete>
    </footer>
</jcr:root>
